Epoch,Training loss
0,22.38660705089569
1,13.686052680015564
2,13.306580752134323
3,12.909560412168503
4,12.55474042892456
5,12.276732087135315
