Epoch,Training loss
0,669.5466705560684
1,275.50388115644455
2,233.00745703279972
3,225.8157625645399
4,223.0793204009533
5,221.104518532753
6,219.58638879656792
7,218.74540327489376
8,217.94993908703327
9,217.1449211537838
10,216.77822814881802
